,createdAt,reward,reward,reward,reward,reward,reward,reward,reward,reward,reward
MABTree ε-greedy MF,2024-10-02,40.23820861678004,40.01990299823633,40.81214285714286,50.7115873015873,48.182097505668935,31.19238095238095,35.91544642857143,51.02689342403628,45.97811728395062,47.59834325396825
MABTree ε-greedy MF,2024-10-03,78.54282879818594,88.33704443814563,80.04666666666667,94.05174603174603,90.6315306122449,74.35571428571428,75.06997023809524,95.71022675736961,84.48506172839507,86.55445436507937
MABTree ε-greedy MF,2024-10-04,117.24163832199545,131.50259999370118,121.22999999999999,125.5247619047619,122.29343537414967,113.54654761904762,118.70635912698413,137.1991156462585,133.57033950617284,130.30056547619049
MABTree ε-greedy MF,2024-10-05,148.04909297052154,175.0059333270345,156.2475,162.64709750566894,162.16010204081633,153.70265873015873,162.06608134920634,176.00852040816324,165.82555555555555,173.6577876984127
MABTree ε-greedy MF,2024-10-06,177.5790873015873,205.62565554925675,195.43055555555554,192.8921315192744,194.64026077097506,191.34821428571428,200.30858134920635,205.81923469387752,206.87728395061728,217.45175595238095
MABTree ε-greedy MF,2024-10-07,236.70242063492063,257.50315554925675,242.52638888888887,245.1411394557823,252.06319727891156,249.67675595238094,254.56946428571428,265.27226048752834,248.50645061728395,275.6573115079365
MABTree ε-greedy MF,2024-10-08,282.03685941043085,302.92537777147896,277.09166666666664,285.3422505668934,299.64763605442175,299.24092261904764,287.8861252834467,309.18948270975056,291.5922839506173,319.4089781746032
MABTree ε-greedy MF,2024-10-09,321.9126814058957,345.9878721025447,321.5257936507936,326.7581574389015,348.43179138321995,340.589255952381,341.5611252834467,352.9457481418493,347.8447726127488,362.8614725056689
MABTree ε-greedy MF,2024-10-10,370.92184807256234,399.1053721025447,370.5607936507936,371.5678796611237,392.829410430839,392.6810813492064,399.0768891723356,393.78430193373646,387.5647726127488,407.3052026643991
MABTree ε-greedy MF,2024-10-11,414.38429138321993,455.14259432476695,415.0307936507936,422.6098241055681,451.2924659863946,431.87941468253973,440.07327806122447,435.23430193373645,424.94378495842784,455.63170493197276
MABTree ε-greedy MF,2024-10-12,460.1438548752834,496.4977332136558,451.65115079365074,464.07204632779036,493.53663265306125,468.172509920635,480.6968197278911,477.8220683736457,465.19906273620563,501.19709041950114
MABTree ε-greedy MF,2024-10-13,501.3007298752834,547.3616221025447,498.31226190476184,507.2681574389015,549.6993310657597,505.0633432539683,518.156472505669,518.0990128180902,509.55609205719327,540.5181108276644
MABTree ε-greedy MF,2024-10-14,539.9469331065759,588.1170685311162,550.916111111111,543.381400069287,585.4654024943311,540.6723115079366,559.3734467120181,563.4684175799949,550.49588372386,586.1724248866212
MABTree ε-greedy MF,2024-10-15,592.447947845805,639.913973293021,597.4727777777777,589.4706983812043,632.2531802721089,576.8477480158731,613.6820578231292,598.8009175799949,603.1561537855883,631.7800325963718
MABTree ε-greedy MF,2024-10-16,626.1953628117914,683.0206286218191,636.7924999999999,622.9900577916352,680.2276247165534,614.8810813492064,657.5153911564626,628.7044052343159,637.0145719954648,674.289754818594
MABTree ε-greedy MF,2024-10-17,675.1606547619048,735.2286841773747,684.9168749999999,664.3052958868733,730.6297278911566,651.3310813492064,706.7140022675736,680.009891345427,690.7872108843537,718.7428103741496
MABTree ε-greedy MF,2024-10-18,714.4439880952381,770.7129302091207,725.9502083333332,701.8042011526833,769.5375056689344,691.5560813492065,741.297335600907,709.2029469009826,724.8917170571932,755.9382865646257
MABTree ε-greedy MF,2024-10-19,742.0059821428571,803.9729302091207,757.029861111111,740.9234471844293,806.1787755102042,722.0088591269842,780.7070578231292,740.1779469009826,752.679494834971,782.4630087868479
MABTree ε-greedy MF,2024-10-20,778.7520932539682,842.4329302091207,790.3756944444443,777.6698283572688,837.5416326530614,755.8752480158731,821.2745578231292,774.6465580120938,795.2858837238599,812.1434452947844
MABTree ε-greedy MF,2024-10-21,810.0282043650793,882.053763542454,831.0120833333332,809.4264950239354,871.4469104308391,789.2294146825398,855.4378911564625,806.6121135676493,828.7892057193247,843.0695564058956
MABTree ε-greedy MF,2024-10-22,849.641746031746,919.7186940980096,866.9328869047617,850.3680922461576,903.0137755102043,830.001636904762,888.6385856009069,837.8898913454271,869.6153565129755,877.9790702947845
MABTree ε-greedy MF,2024-10-23,891.5723015873016,969.5270274313428,910.1194742063491,885.6109493890148,943.2637755102043,873.6327480158731,947.4913633786847,892.0952484882843,924.8518997228521,922.0983163265305
MABTree ε-greedy MF,2024-10-24,924.0435416666667,1007.1714718757873,954.9582936507935,929.9271001826655,986.1923866213153,910.7227480158731,986.5508871882085,930.6915679327287,965.1148935500125,960.346262755102
MABTree ε-greedy MF,2024-10-25,951.4908829365079,1054.1850773179642,995.8844146825395,964.7176954207607,1022.344053287982,951.1707242063493,1023.9028713151927,979.2868457105066,1014.5956827916351,1005.191098356009
MABTree ε-greedy MF,2024-10-26,983.8710813492063,1100.043161218191,1032.8966369047616,999.8778365142351,1056.5918310657598,981.3213818027211,1058.3670379818593,1007.6465679327288,1064.1403319475937,1043.3053047052153
MABTree ε-greedy MF,2024-10-27,1025.662748015873,1150.2095090073067,1083.0339214852604,1042.49597143487,1104.996672335601,1018.2824815759637,1105.422593537415,1044.7240679327288,1097.6052625031493,1079.2106618480725
MABTree ε-greedy MF,2024-10-28,1064.860248015873,1198.5491915469893,1126.4308659297049,1083.2114575459811,1148.56556122449,1056.7180371315194,1143.6892602040816,1077.5870540438398,1152.2375244079112,1121.3599574829932
MABTree ε-greedy MF,2024-10-29,1098.7691255668933,1236.9236459120687,1169.7001869173591,1122.695486111111,1195.9365532879822,1102.1690291950115,1181.193581191736,1118.595619803477,1186.9777171516753,1161.5181717687076
MABTree ε-greedy MF,2024-10-30,1135.5290958049886,1288.0350447215924,1215.250325806248,1184.077093253968,1232.8382199546488,1148.3156958616783,1227.4905256361806,1164.3927569916855,1233.1332727072308,1215.6647689909298
MABTree ε-greedy MF,2024-10-31,1175.461594387755,1330.0508270345176,1249.2019450743255,1229.5365880889392,1275.6831972789118,1186.9492956349209,1264.0152478584027,1208.5761407155453,1274.0102788800702,1259.8695195578232
MABTree ε-greedy MF,2024-11-01,1219.5487358276644,1363.8140923406402,1283.8761117409922,1262.6959189972285,1309.7695464852611,1234.4670280612247,1300.3862895250695,1243.512182382212,1313.9937709435624,1289.8712755102042
MABTree ε-greedy MF,2024-11-02,1252.9798866213152,1402.3907193247671,1321.20388951877,1304.181837207105,1345.750062358277,1269.764250283447,1335.0522815885615,1279.2915650982613,1355.8608796296294,1319.4834977324265
MABTree ε-greedy MF,2024-11-03,1289.1407298752836,1435.2880209120688,1361.677778407659,1348.3626308578987,1381.4528401360549,1302.2976629818597,1366.992489921895,1308.5472000188963,1393.8711882716048,1365.8984977324264
MABTree ε-greedy MF,2024-11-04,1322.0349759070295,1466.2460764676243,1391.9036117409923,1385.946599111867,1407.7003401360548,1330.1963931405899,1401.4360202506932,1339.9953349395312,1424.128410493827,1404.518418367347
MABTree ε-greedy MF,2024-11-05,1353.9254620181407,1509.7531201184179,1421.7672228521035,1425.958474111867,1441.797840136055,1361.207504251701,1434.0759508062488,1381.5188766061979,1457.3598842592592,1437.7827536848074
MABTree ε-greedy MF,2024-11-06,1392.71618622449,1551.5412947215925,1455.4375006298812,1463.5362518896447,1486.5361337868485,1401.6829407596376,1469.592419060217,1414.754233749055,1494.501096781305,1481.8297774943312
MABTree ε-greedy MF,2024-11-07,1434.047813208617,1593.3146280549258,1496.8829867409922,1508.6853568279164,1532.6317687074834,1452.9320633345935,1517.6240857268838,1447.0620732552277,1537.822848324515,1520.8289559712775
MABTree ε-greedy MF,2024-11-08,1484.7758276643995,1645.3388329868985,1551.7604966616273,1564.4899982678257,1579.553673469388,1500.6434522234824,1561.2662682665664,1497.7432736520532,1587.755467372134,1559.8800557445202
MABTree ε-greedy MF,2024-11-09,1528.7845464852612,1684.145216206853,1590.979901423532,1605.5364507747545,1615.131717687075,1540.420515715546,1586.929323822122,1537.140302973041,1633.5568562610229,1596.464813240111
MABTree ε-greedy MF,2024-11-10,1579.044824263039,1737.3539166036785,1638.73078436004,1649.7235341080877,1665.505515873016,1577.4394145250697,1626.6367146951377,1580.3161363063741,1667.926717372134,1640.4772041131268
MABTree ε-greedy MF,2024-11-11,1630.6773738662134,1790.4055832703452,1693.1735621378177,1697.4530125661377,1714.2810714285715,1615.7561605568158,1668.6386591395822,1614.2828029730408,1711.244217372134,1693.9288707797934
MABTree ε-greedy MF,2024-11-12,1695.521784139582,1844.9541061980349,1756.4299012660615,1770.983336325271,1768.4164172335602,1666.642815885614,1715.5020321554553,1672.958188460569,1776.247092781557,1747.9123584341144
MABTree ε-greedy MF,2024-11-13,1742.2684607268836,1898.3475244079114,1819.342208364827,1830.3857834152182,1820.3715362811793,1716.3592047745028,1762.7006035840268,1718.2435808767948,1830.9993150037792,1801.323901643991
MABTree ε-greedy MF,2024-11-14,1782.2607722348203,1953.4972466301335,1872.6233194759382,1897.328279006047,1875.8885204081635,1767.555553980852,1805.5925480284711,1778.3917830372886,1880.0803864323507,1861.0307226316452
MABTree ε-greedy MF,2024-11-15,1819.360296044344,1998.9167704396573,1918.9505416981604,1952.4337904698918,1918.3924886621317,1812.2498793776774,1854.0003258062488,1825.8243227198284,1921.7761227639203,1901.5357843600402
MABTree ε-greedy MF,2024-11-16,1862.2544627110108,2035.682048217435,1960.5392343789363,2004.0863477891157,1953.034075963719,1849.8555823255233,1892.6883813618044,1870.2021842718566,1958.910011652809,1950.6797570231795
MABTree ε-greedy MF,2024-11-17,1905.9100976316456,2072.3494512156713,2004.3495625472406,2060.0858539619553,1998.6901176303857,1888.1292728017138,1936.6872702506932,1922.5339126669182,1999.861400541698,1994.5476758944317
MABTree ε-greedy MF,2024-11-18,1951.6966154887884,2113.7912722033257,2056.941105757117,2111.6481883030992,2053.3737684240364,1923.8432807382217,1990.2610443436638,1975.1905131960189,2049.858178539934,2034.7864898274122
MABTree ε-greedy MF,2024-11-19,2007.693678980852,2174.955488473167,2117.2756868858646,2160.737416698161,2110.564204931973,1987.154987087428,2035.8724332325528,2027.6218183106573,2100.924324924414,2100.1878919438145
MABTree ε-greedy MF,2024-11-20,2052.8392345364073,2216.5999946460065,2167.574143675988,2214.219762377173,2156.429482709751,2040.6360981985392,2086.5407665658863,2090.374022896195,2145.357045382968,2152.1293425610984
MABTree ε-greedy MF,2024-11-21,2119.6573297745026,2288.1035616654067,2220.737155139833,2284.6823373330813,2230.224947562359,2109.6091934366345,2151.9402110103306,2150.453899439405,2206.195367378433,2202.799615929705
MABTree ε-greedy MF,2024-11-22,2167.8684805681532,2337.7232284580496,2276.664377362055,2349.4477694318466,2291.1311380385496,2175.2928045477456,2204.023500251953,2211.187942649282,2266.58695468002,2257.1989369173593
MABTree ε-greedy MF,2024-11-23,2217.3393139014865,2385.0726651864447,2328.8779190287214,2393.7089202254974,2330.394987244899,2213.2205823255235,2252.733024061477,2262.8049664588057,2310.239732457798,2303.1689652620307
MABTree ε-greedy MF,2024-11-24,2271.8146200239357,2421.733776297556,2380.747363473166,2445.1297535588305,2383.836336451248,2260.2316934366345,2305.8738573948103,2299.054133125472,2356.4250499181153,2358.624338781809
MABTree ε-greedy MF,2024-11-25,2315.429655297304,2463.0462068531115,2423.682363473166,2487.164326971529,2427.087209467121,2302.090741055682,2345.898386715798,2341.2032997921388,2402.304851505417,2404.724715765936
MABTree ε-greedy MF,2024-11-26,2368.6118775195264,2509.801824137062,2478.786128905265,2543.330658541194,2481.3496697845812,2350.619629944571,2402.9003311602423,2388.6012539367593,2456.489091710758,2462.9476188901485
MABTree ε-greedy MF,2024-11-27,2422.5435045036534,2558.818199640967,2551.14544217687,2593.344900163769,2536.222219387756,2398.0465687200813,2451.112126795163,2439.3072899344916,2510.2982980599645,2511.1267798878807
MABTree ε-greedy MF,2024-11-28,2468.5473933925423,2603.555858371126,2602.7837137818083,2650.2422237969263,2598.590938208618,2444.2424020534145,2491.0375588939282,2494.161139140841,2568.7418253968253,2562.3599885046606
MABTree ε-greedy MF,2024-11-29,2528.678583868733,2663.4294253905264,2664.6814518770466,2705.7220077475436,2660.8128826530624,2498.49795760897,2549.51465765936,2556.358938964474,2624.8851499118164,2616.521178980851
MABTree ε-greedy MF,2024-11-30,2578.424308075082,2706.8109950554294,2709.9997852103797,2761.4946948223733,2710.5315717120193,2546.541568720081,2603.1633878180905,2593.1539213277897,2676.186945546737,2665.4980207545973
MABTree ε-greedy,2024-10-02,46.451388888888886,59.579166666666666,72.38361111111111,81.97,84.85583333333334,83.25779761904762,96.91772817460317,98.56467261904761,98.70217261904762,96.97543650793651
MABTree ε-greedy,2024-10-03,81.8618849206349,88.35625,110.27458333333334,117.87104166666666,124.55520833333334,120.57939484126985,133.8093253968254,139.12571428571428,135.15772817460316,130.84036706349207
MABTree ε-greedy,2024-10-04,128.78306547619047,134.62804783950617,156.9623511904762,164.82729166666667,175.56694444444446,163.21890873015872,184.51300595238095,186.17954365079365,185.66696428571427,179.99126984126985
MABTree ε-greedy,2024-10-05,154.79495039682539,165.8215200617284,188.71901785714286,195.691875,207.6665277777778,197.26633156966489,222.89258928571428,218.81364087301586,218.8705853174603,211.32925595238098
MABTree ε-greedy,2024-10-06,194.07126984126984,201.3922839506173,226.33978174603175,230.7765277777778,243.2626388888889,231.50919422398587,259.8341865079365,253.24356575963716,255.26190476190473,242.12732142857146
MABTree ε-greedy,2024-10-07,235.87265873015872,242.6984347442681,268.8939484126984,281.5759325396826,284.18084325396825,284.3189164462081,304.0714030612245,303.4883574263038,299.46225198412696,288.2721924603175
MABTree ε-greedy,2024-10-08,281.9268253968254,291.1970458553792,321.02728174603175,330.28148809523816,328.671121031746,323.8550275573192,351.4366808390023,355.5939129818594,346.30364087301587,335.5721924603175
MABTree ε-greedy,2024-10-09,327.2012852733686,334.53670855379187,370.7936011904762,370.4571825396826,374.8759821428571,369.3598886684303,395.41237528344675,399.82226615646255,386.4447619047619,384.75788690476196
MABTree ε-greedy,2024-10-10,378.29566027336864,373.082194664903,415.4817956349206,417.49259920634927,420.8200022045855,416.53731922398583,445.8727919501134,451.6230300453514,432.0517063492063,430.84330357142863
MABTree ε-greedy,2024-10-11,425.263368606702,420.19601410934746,465.47589285714287,463.85225198412707,468.4154883156966,466.3733608906525,491.2102919501134,498.2035161564625,481.9728174603174,483.2457341269842
MABTree ε-greedy,2024-10-12,458.7973963844798,459.5064307760141,498.2501984126984,499.4390575396826,505.10207420005037,500.55361882716045,525.7266609977324,538.7229804421768,515.1964781746032,518.1271031746032
MABTree ε-greedy,2024-10-13,485.66927138447977,491.0694168871252,530.6720734126984,531.6862797619049,535.3102091206853,533.9879938271605,553.7013137755102,565.867077664399,547.2905753968254,546.0100892857143
MABTree ε-greedy,2024-10-14,520.2528824955909,527.5663613315696,575.2796428571429,570.259265873016,568.091111898463,575.9583333333334,598.3471471088436,607.4750637755101,585.1945932539683,584.4375198412699
MABTree ε-greedy,2024-10-15,566.9667713844798,572.7185934744268,623.1056845238096,620.0453075396827,616.5261118984631,624.4404861111111,645.3637443310658,662.6833276643989,636.9973015873016,634.9624503968255
MABTree ε-greedy,2024-10-16,604.5451940035274,609.7901212522046,659.889866622575,655.1974603174605,649.1577091206854,662.26375,683.1769387755103,700.9187443310656,674.549384920635,665.2489781746033
MABTree ε-greedy,2024-10-17,661.5324162257497,661.4017879188713,716.2248666225751,708.5615575396827,704.6194452317965,718.3717361111111,735.174230442177,749.8854804421767,733.8716071428572,716.9708531746032
MABTree ε-greedy,2024-10-18,694.255749559083,698.3190718694885,752.3765950176368,745.744890873016,746.5777785651298,754.7209424603175,768.3881193310658,786.1849248866212,766.5382738095238,758.861130952381
MABTree ε-greedy,2024-10-19,722.3262356701941,728.4773357583774,788.4009700176367,778.2014880952381,780.4427091206854,789.4053174603175,801.0155498866213,824.3807284580497,806.0957837301588,794.111130952381
MABTree ε-greedy,2024-10-20,759.6367912257497,766.8912246472663,826.5234700176368,817.0112103174604,820.5604174540188,826.4810813492064,841.4024248866214,864.191561791383,848.7013392857143,840.2083531746032
MABTree ε-greedy,2024-10-21,793.045124559083,801.2356690917107,865.7044223985891,851.5584325396826,851.9520841206854,866.4905257936508,877.6538137755102,905.0272760770973,888.2266170634921,882.1694642857143
MABTree ε-greedy,2024-10-22,831.7426940035274,843.1019190917108,912.1811585097003,892.9896825396826,895.301637692114,911.2644841269841,922.3806193310658,954.3790816326529,933.2116865079365,931.053244047619
MABTree ε-greedy,2024-10-23,880.9354023368608,886.6129607583774,958.8072001763669,941.5879464285715,947.6233142794156,959.4335813492064,967.762216553288,1003.6055201247163,984.9477281746032,976.162619047619
MABTree ε-greedy,2024-10-24,927.3285427689596,936.9070579805997,1005.6710196208113,979.0264880952382,995.957887692114,1005.0587896825398,1011.090837585034,1043.1730300453512,1022.3612698412699,1017.3764384920635
MABTree ε-greedy,2024-10-25,976.6393066578485,981.2469885361552,1049.633172398589,1028.1387951940037,1044.1869849143363,1052.7084424603177,1062.5599348072562,1092.98379393424,1076.7373115079365,1070.2917162698413
MABTree ε-greedy,2024-10-26,1016.6784733245152,1034.9313139329806,1097.3378946208113,1071.3601840828926,1094.0992865016378,1097.641208900227,1115.193823696145,1143.2324050453512,1125.1425892857144,1111.3231448412698
MABTree ε-greedy,2024-10-27,1063.4817526455029,1078.9706194885362,1137.6257418430334,1117.8400451940038,1132.339514676241,1148.7096116780046,1159.7464085726883,1184.8202522675736,1167.8040476190477,1153.3377281746032
MABTree ε-greedy,2024-10-28,1100.5456415343917,1127.5414528218696,1186.0640057319224,1167.606989638448,1182.0539194381456,1198.5496116780046,1211.3638391282439,1232.0952225056687,1218.0464781746032,1205.79126984127
MABTree ε-greedy,2024-10-29,1143.6316832010584,1169.2647167107584,1230.2678251763668,1212.8629618606703,1226.2701892794155,1239.5044727891157,1255.270436350466,1282.4666213151925,1259.3883234126984,1254.6905753968256
MABTree ε-greedy,2024-10-30,1190.580988756614,1215.2133278218696,1279.1731029541447,1266.777128527337,1277.828244834971,1285.8916255668935,1306.8412696837995,1328.5975240929702,1308.5036706349206,1298.9306448412701
MABTree ε-greedy,2024-10-31,1244.1680720899474,1261.4482682980602,1323.9557418430336,1312.2986563051147,1328.9126198349709,1335.8023837868482,1359.3722419060218,1376.0541213151923,1355.8101984126984,1345.6222420634924
MABTree ε-greedy,2024-11-01,1282.8246693121696,1296.4631294091712,1361.0456723985892,1349.2674063051147,1362.768869834971,1372.3496060090704,1399.238214128244,1413.9609665532876,1395.249503968254,1377.6727281746034
MABTree ε-greedy,2024-11-02,1314.3166832010584,1332.759032186949,1395.0604100529101,1384.9733090828925,1394.7053281683043,1405.9362131519276,1430.9096724615772,1445.3446471088432,1424.3442956349206,1409.6619642857145
MABTree ε-greedy,2024-11-03,1354.8468915343917,1370.39201829806,1435.743951719577,1429.0560174162258,1434.9066476127487,1440.8371313618043,1470.4771030171328,1482.281035997732,1457.6189484126985,1452.9342713844799
MABTree ε-greedy,2024-11-04,1400.5798776455028,1417.8586155202822,1482.9513921957673,1472.4500451940037,1476.712480946082,1480.9573396951375,1514.811200239355,1527.3195776643986,1502.4099900793651,1496.9611563051149
MABTree ε-greedy,2024-11-05,1443.305224867725,1457.71451829806,1521.0906283068784,1514.0587257495592,1512.5183837238599,1514.5844230284708,1549.954950239355,1565.017772108843,1542.1648511904762,1534.3587257495592
MABTree ε-greedy,2024-11-06,1482.960085978836,1495.19889329806,1561.5360449735451,1555.0425551146386,1553.01213372386,1556.0424587427565,1591.943938334593,1605.5784169501128,1584.5425595238096,1572.4097674162258
MABTree ε-greedy,2024-11-07,1530.9211276455028,1552.8141016313934,1610.9661243386245,1610.895263447972,1608.9399115016377,1610.3798099332328,1651.6967161123707,1657.360014172335,1637.1908234126986,1627.7885868606702
MABTree ε-greedy,2024-11-08,1583.1943220899473,1609.9963932980602,1661.841193783069,1668.7688249559085,1664.3280761841772,1668.117657155455,1712.910307382212,1712.4659169501128,1699.2242261904764,1680.385114638448
MABTree ε-greedy,2024-11-09,1628.975363756614,1657.1551319601917,1703.4943882275134,1714.5859082892418,1711.6599511841773,1713.1989765998994,1755.8407240488787,1758.8419586167795,1742.7545634920637,1725.139975749559
MABTree ε-greedy,2024-11-10,1670.0812665343917,1701.2610347379696,1742.0950826719577,1753.5164638447975,1749.6856456286218,1754.5435004094231,1793.9993351599899,1798.52377409297,1781.786507936508,1761.904975749559
MABTree ε-greedy,2024-11-11,1716.757238756614,1749.403118071303,1795.3060008818343,1801.2913249559085,1794.7308539619553,1805.2329547745026,1842.555307382212,1852.5803713151922,1835.3458134920636,1810.83533840388
MABTree ε-greedy,2024-11-12,1776.8350165343918,1806.0897847379697,1856.6998203262788,1860.3545888447975,1847.8913400730664,1867.3201769967247,1909.6352379377677,1905.6872859977318,1894.0768438208618,1869.722491181658
MABTree ε-greedy,2024-11-13,1837.175224867725,1859.437631960192,1910.0710008818344,1920.464658289242,1901.8399511841776,1929.7259508062486,1962.6126684933233,1967.285758219954,1949.2698993764172,1921.60096340388
MABTree ε-greedy,2024-11-14,1892.8801554232807,1918.4439514046364,1974.5850286596121,1976.5222971781309,1957.9401694381459,1996.2806135046612,2028.248204207609,2025.3998653628112,2005.866298185941,1987.1070149911816
MABTree ε-greedy,2024-11-15,1937.7811970899475,1962.992770849081,2012.5599592151677,2013.3833388447974,1999.7676793587807,2041.1333218379946,2077.954801429831,2067.950907029478,2047.8009509637188,2032.0316677689593
MABTree ε-greedy,2024-11-16,1987.1196693121697,2005.1824335474937,2066.479334215168,2059.195769400353,2049.1005960254474,2087.246863504661,2124.417668493323,2117.855797902494,2095.3133815192746,2077.515695546737
MABTree ε-greedy,2024-11-17,2041.564391534392,2065.045141880827,2122.5292647707233,2110.23431106702,2104.776637692114,2145.832746441169,2175.8162101599896,2172.881631235827,2150.117280328798,2128.615695546737
MABTree ε-greedy,2024-11-18,2092.6007109788366,2120.626739103049,2172.4105842151675,2160.6356305114646,2156.772679358781,2202.0413575522803,2232.3087994457037,2228.519905045351,2194.9699886621315,2183.5847927689592
MABTree ε-greedy,2024-11-19,2147.37091931217,2185.9399335474936,2240.985514770723,2225.324449955909,2208.3861019778283,2261.6347107268834,2290.4878470647513,2287.0288832199544,2252.853689058957,2242.03154872134
MABTree ε-greedy,2024-11-20,2194.8736970899477,2240.4916002141604,2292.6299592151677,2283.5105610670203,2265.0482448349712,2332.010266282439,2342.8672915091956,2342.820549886621,2298.0609112811794,2299.469326499118
MABTree ε-greedy,2024-11-21,2251.9942526455034,2298.827879976065,2347.003292548501,2341.602713844798,2326.3238003905267,2387.1335996157723,2395.2905553980845,2400.563327664399,2354.1532922335605,2357.7714792768957
MABTree ε-greedy,2024-11-22,2304.14466931217,2358.319477198287,2405.1870425485013,2399.7498666225756,2387.95126181028,2443.5785400919626,2455.377152620307,2464.6890915532877,2415.491486678005,2415.9530764991177
MABTree ε-greedy,2024-11-23,2353.8912665343923,2407.6394176744775,2449.198153659612,2440.2637555114643,2436.5522241118674,2485.132359536407,2504.3493053980847,2510.7328415532875,2453.992458900227,2468.8882153880068
MABTree ε-greedy,2024-11-24,2408.5245998677256,2460.6894176744777,2502.66593143739,2491.6998666225754,2490.8300018896452,2536.466803980851,2558.3409720647514,2564.6796669501127,2506.194125566894,2522.2798820546736
MABTree ε-greedy,2024-11-25,2445.0841832010587,2502.378098230033,2542.9526675485013,2533.713824955909,2534.3217479213913,2579.1876373141845,2598.437152620307,2601.110500283446,2549.644373582767,2556.357312610229
MABTree ε-greedy,2024-11-26,2507.3873082010587,2560.0713025951127,2602.972459215168,2587.7534931657856,2595.331053476947,2640.0208240425795,2654.3486109536407,2670.213377267573,2611.907498582767,2613.1670149911815
MABTree ε-greedy,2024-11-27,2556.1918220899474,2610.265816484002,2659.8689098324517,2636.6875209435634,2647.4870256991694,2683.674296264802,2701.569305398085,2722.1133078231287,2658.7286791383226,2659.620417768959
MABTree ε-greedy,2024-11-28,2607.508488756614,2667.140816484002,2711.679743165785,2697.10418761023,2700.6756311413465,2743.1937407092464,2756.5562498425293,2776.4144189342396,2717.7814569161005,2719.338195546737
MABTree ε-greedy,2024-11-29,2667.4740443121696,2727.6128402935256,2773.0564098324517,2760.3236320546744,2756.1386470143625,2805.2623518203577,2815.5770831758628,2828.4324348072555,2774.920345804989,2774.390973324515
MABTree ε-greedy,2024-11-30,2710.400363756614,2774.2347152935254,2817.2980070546737,2804.74356261023,2802.3980220143626,2849.7012407092466,2863.0228867472915,2872.581095521541,2820.464720804989,2815.9053880070546
MABTree UCB1,2024-10-02,46.71527777777778,39.087777777777774,18.501984126984127,38.004444444444445,18.251984126984127,38.504444444444445,18.001984126984127,38.254444444444445,18.501984126984127,38.004444444444445
MABTree UCB1,2024-10-03,84.86458333333334,78.62597222222222,57.04017857142857,77.54263888888889,56.79017857142857,78.04263888888889,56.54017857142857,77.79263888888889,57.04017857142857,77.54263888888889
MABTree UCB1,2024-10-04,129.4357638888889,125.07215277777777,103.48635912698413,123.98881944444445,103.23635912698413,124.48881944444445,102.98635912698413,124.23881944444445,103.48635912698413,123.98881944444445
MABTree UCB1,2024-10-05,159.73736111111114,152.24152777777778,130.65573412698413,151.15819444444443,130.40573412698413,151.65819444444443,130.15573412698413,151.40819444444443,130.65573412698413,151.15819444444443
MABTree UCB1,2024-10-06,201.94812500000003,194.45229166666667,172.86649801587302,193.36895833333332,172.61649801587302,193.86895833333332,172.36649801587302,193.61895833333332,172.86649801587302,193.36895833333332
MABTree UCB1,2024-10-07,245.36020833333336,237.789375,215.70358134920636,236.70604166666666,215.45358134920636,237.20604166666666,215.20358134920636,236.95604166666666,215.70358134920636,236.70604166666666
MABTree UCB1,2024-10-08,289.5315972222223,281.0940972222222,259.10830357142856,280.0107638888889,258.85830357142856,280.5107638888889,258.60830357142856,280.2607638888889,259.10830357142856,280.0107638888889
MABTree UCB1,2024-10-09,330.0538194444445,320.7496527777778,299.2038591269841,319.10631944444447,298.9538591269841,319.60631944444447,298.7038591269841,319.35631944444447,299.2038591269841,319.10631944444447
MABTree UCB1,2024-10-10,374.2587500000001,362.2889583333333,340.7431646825397,360.645625,340.4931646825397,361.145625,340.2431646825397,360.895625,340.7431646825397,360.645625
MABTree UCB1,2024-10-11,430.2434027777779,417.3986111111111,397.3528174603175,415.7552777777778,397.1028174603175,416.2552777777778,396.8528174603175,416.0052777777778,397.3528174603175,415.7552777777778
MABTree UCB1,2024-10-12,460.0236111111112,449.17881944444446,429.13302579365086,447.53548611111114,428.88302579365086,448.03548611111114,428.63302579365086,447.78548611111114,429.13302579365086,447.53548611111114
MABTree UCB1,2024-10-13,494.2024305555557,482.24652777777777,462.3118452380953,480.60319444444445,462.0618452380953,481.10319444444445,461.8118452380953,480.85319444444445,462.3118452380953,480.60319444444445
MABTree UCB1,2024-10-14,532.6752777777779,521.234375,500.24969246031753,519.5910416666667,499.99969246031753,520.0910416666667,499.74969246031753,519.8410416666667,500.24969246031753,519.5910416666667
MABTree UCB1,2024-10-15,580.6519444444446,570.7704166666666,548.7857341269842,569.1270833333333,548.5357341269842,569.6270833333333,548.2857341269842,569.3770833333333,548.7857341269842,569.1270833333333
MABTree UCB1,2024-10-16,616.0549305555556,609.395625,587.4109424603175,607.7522916666667,587.1609424603175,608.2522916666667,586.9109424603175,608.0022916666667,587.4109424603175,607.7522916666667
MABTree UCB1,2024-10-17,657.5900000000001,654.3195833333333,632.3349007936508,652.67625,632.0849007936508,653.17625,631.8349007936508,652.92625,632.3349007936508,652.67625
MABTree UCB1,2024-10-18,687.4533333333335,683.6029166666666,661.6182341269841,681.9595833333333,661.3682341269841,682.4595833333333,661.1182341269841,682.2095833333333,661.6182341269841,681.9595833333333
MABTree UCB1,2024-10-19,711.5444444444446,710.2940277777777,687.7093452380952,708.6506944444444,687.4593452380952,709.1506944444444,687.2093452380952,708.9006944444444,687.7093452380952,708.6506944444444
MABTree UCB1,2024-10-20,741.0940972222223,739.8436805555555,717.258998015873,738.2003472222221,717.008998015873,738.7003472222221,716.758998015873,738.4503472222221,717.258998015873,738.2003472222221
MABTree UCB1,2024-10-21,769.600763888889,770.9753472222221,748.3906646825396,769.3320138888888,748.1406646825396,769.8320138888888,747.8906646825396,769.5820138888888,748.3906646825396,769.3320138888888
MABTree UCB1,2024-10-22,809.2588194444445,810.6211805555555,788.036498015873,808.9778472222222,787.786498015873,809.4778472222222,787.536498015873,809.2278472222222,788.036498015873,808.9778472222222
MABTree UCB1,2024-10-23,848.1865972222223,849.9739583333333,828.3892757936508,848.3306249999999,827.1392757936508,849.8306249999999,826.8892757936508,848.5806249999999,828.3892757936508,848.3306249999999
MABTree UCB1,2024-10-24,889.8332947530865,893.2424459876543,871.6577634479718,891.599112654321,870.4077634479718,893.099112654321,870.1577634479718,891.849112654321,871.6577634479718,891.599112654321
MABTree UCB1,2024-10-25,928.1267824074075,933.0036419753086,911.4189594356261,931.3603086419753,910.1689594356261,932.8603086419753,909.9189594356261,931.6103086419753,911.4189594356261,931.3603086419753
MABTree UCB1,2024-10-26,960.6798379629631,965.2416975308641,943.6570149911817,963.5983641975308,942.4070149911817,965.0983641975308,942.1570149911817,963.8483641975308,943.6570149911817,963.5983641975308
MABTree UCB1,2024-10-27,998.257214506173,1003.819074074074,982.2343915343915,1002.1757407407407,980.9843915343915,1003.6757407407407,980.7343915343915,1002.4257407407407,982.2343915343915,1002.1757407407407
MABTree UCB1,2024-10-28,1028.8877700617286,1033.4496296296295,1011.8649470899471,1031.8062962962963,1010.6149470899471,1033.3062962962963,1010.3649470899471,1032.0562962962963,1011.8649470899471,1031.8062962962963
MABTree UCB1,2024-10-29,1057.9641512345681,1064.6926774691356,1043.1079949294533,1063.0493441358024,1041.8579949294533,1064.5493441358024,1041.6079949294533,1063.2993441358024,1043.1079949294533,1063.0493441358024
MABTree UCB1,2024-10-30,1092.3106790123459,1097.85587191358,1076.0711893738978,1096.2125385802467,1074.8211893738978,1097.7125385802467,1074.5711893738978,1096.4625385802467,1076.0711893738978,1096.2125385802467
MABTree UCB1,2024-10-31,1123.8342824074075,1130.9794753086417,1109.1947927689596,1129.3361419753085,1107.9447927689596,1130.8361419753085,1107.6947927689596,1129.5861419753085,1109.1947927689596,1129.3361419753085
MABTree UCB1,2024-11-01,1144.6908796296298,1153.4527391975305,1130.6680566578484,1151.8094058641973,1129.4180566578484,1153.3094058641973,1129.1680566578484,1152.0594058641973,1130.6680566578484,1151.8094058641973
MABTree UCB1,2024-11-02,1170.9591435185187,1180.9710030864194,1158.1863205467373,1179.3276697530862,1156.9363205467373,1180.8276697530862,1156.6863205467373,1179.5776697530862,1158.1863205467373,1179.3276697530862
MABTree UCB1,2024-11-03,1204.9711728395064,1214.983032407407,1192.198349867725,1213.339699074074,1190.948349867725,1214.839699074074,1190.698349867725,1213.589699074074,1192.198349867725,1213.339699074074
MABTree UCB1,2024-11-04,1237.7121450617285,1249.790671296296,1225.805988756614,1248.1473379629629,1224.555988756614,1249.6473379629629,1224.305988756614,1248.3973379629629,1225.805988756614,1248.1473379629629
MABTree UCB1,2024-11-05,1279.4315200617284,1292.2878240740738,1269.3031415343917,1290.6444907407406,1267.0531415343917,1293.1444907407406,1266.8031415343917,1290.8944907407406,1269.3031415343917,1290.6444907407406
MABTree UCB1,2024-11-06,1310.6802854938271,1324.6365895061726,1300.6519069664905,1322.9932561728394,1299.4019069664905,1324.4932561728394,1299.1519069664905,1323.2432561728394,1300.6519069664905,1322.9932561728394
MABTree UCB1,2024-11-07,1344.3713040123457,1358.3676080246912,1334.382925485009,1356.724274691358,1333.132925485009,1358.224274691358,1332.882925485009,1356.974274691358,1334.382925485009,1356.724274691358
MABTree UCB1,2024-11-08,1397.1611651234568,1412.1574691358023,1387.1727865961202,1410.5141358024691,1385.9227865961202,1412.0141358024691,1385.6727865961202,1410.7641358024691,1387.1727865961202,1410.5141358024691
MABTree UCB1,2024-11-09,1421.6880401234569,1436.851010802469,1411.6996615961202,1435.207677469136,1410.4496615961202,1436.707677469136,1410.1996615961202,1435.457677469136,1411.6996615961202,1435.207677469136
MABTree UCB1,2024-11-10,1451.471026234568,1468.3562191358023,1443.2048699294535,1466.7128858024691,1441.9548699294535,1468.2128858024691,1441.7048699294535,1466.9628858024691,1443.2048699294535,1466.7128858024691
MABTree UCB1,2024-11-11,1493.4725694444444,1510.897762345679,1485.2464131393301,1509.2544290123458,1483.9964131393301,1510.7544290123458,1483.7464131393301,1509.5044290123458,1485.2464131393301,1509.2544290123458
MABTree UCB1,2024-11-12,1539.6168904320987,1558.20875,1531.3907341269844,1556.5654166666668,1530.1407341269844,1558.0654166666668,1529.8907341269844,1556.8154166666668,1531.3907341269844,1556.5654166666668
MABTree UCB1,2024-11-13,1591.1775154320987,1611.0049305555556,1582.14691468254,1609.3615972222224,1580.89691468254,1610.8615972222224,1580.64691468254,1609.6115972222224,1582.14691468254,1609.3615972222224
MABTree UCB1,2024-11-14,1640.3130015432098,1659.1404166666666,1630.532400793651,1656.7470833333334,1629.282400793651,1658.2470833333334,1629.032400793651,1656.9970833333334,1630.532400793651,1656.7470833333334
MABTree UCB1,2024-11-15,1676.1091126543208,1696.1865277777777,1666.328511904762,1693.7931944444445,1665.078511904762,1695.2931944444445,1664.828511904762,1694.0431944444445,1666.328511904762,1693.7931944444445
MABTree UCB1,2024-11-16,1712.5280015432097,1732.6054166666665,1703.747400793651,1730.2120833333333,1701.497400793651,1732.7120833333333,1701.247400793651,1730.4620833333333,1703.747400793651,1730.2120833333333
MABTree UCB1,2024-11-17,1751.8571682098764,1772.8095833333332,1743.9515674603176,1770.41625,1741.7015674603176,1772.91625,1741.4515674603176,1770.66625,1743.9515674603176,1770.41625
MABTree UCB1,2024-11-18,1790.1119753086418,1810.5643904320987,1780.456374559083,1808.1710570987655,1779.206374559083,1809.6710570987655,1778.956374559083,1808.4210570987655,1780.456374559083,1808.1710570987655
MABTree UCB1,2024-11-19,1826.395586419753,1848.1813348765431,1817.4066523368608,1845.78800154321,1816.1566523368608,1847.28800154321,1815.9066523368608,1846.03800154321,1817.4066523368608,1845.78800154321
MABTree UCB1,2024-11-20,1871.4978086419753,1894.2835570987654,1864.508874559083,1891.8902237654322,1862.258874559083,1894.3902237654322,1862.008874559083,1892.1402237654322,1864.508874559083,1891.8902237654322
MABTree UCB1,2024-11-21,1909.6405864197532,1935.104112654321,1905.3294301146386,1932.7107793209877,1903.0794301146386,1935.2107793209877,1902.8294301146386,1932.9607793209877,1905.3294301146386,1932.7107793209877
MABTree UCB1,2024-11-22,1970.977615740741,1996.7661419753085,1967.7914594356262,1994.3728086419753,1965.5414594356262,1996.8728086419753,1965.2914594356262,1994.6228086419753,1967.7914594356262,1994.3728086419753
MABTree UCB1,2024-11-23,2009.495177469136,2037.1556424792138,2008.3340211640211,2034.7623091458806,2006.0840211640211,2037.2623091458806,2005.8340211640211,2035.0123091458806,2008.3340211640211,2034.7623091458806
MABTree UCB1,2024-11-24,2047.0248996913583,2077.4186980347695,2046.5970767195768,2074.025364701436,2045.3470767195768,2076.525364701436,2044.0970767195768,2075.275364701436,2046.5970767195768,2074.025364701436
MABTree UCB1,2024-11-25,2089.5201234567903,2119.5139218002014,2088.6923004850087,2116.120588466868,2087.4423004850087,2118.620588466868,2086.1923004850087,2117.370588466868,2088.6923004850087,2116.120588466868
MABTree UCB1,2024-11-26,2136.3490972222226,2165.3628955656336,2135.291274250441,2162.9695622323,2134.041274250441,2165.4695622323,2132.791274250441,2164.2195622323,2135.291274250441,2162.9695622323
MABTree UCB1,2024-11-27,2175.2902623456794,2204.5040606890902,2174.2324393738977,2202.110727355757,2172.9824393738977,2204.610727355757,2171.7324393738977,2203.360727355757,2174.2324393738977,2202.110727355757
MABTree UCB1,2024-11-28,2223.9641512345684,2255.866838466868,2223.6674393738977,2253.4735051335347,2222.4174393738977,2255.9735051335347,2221.1674393738977,2254.7235051335347,2223.6674393738977,2253.4735051335347
MABTree UCB1,2024-11-29,2259.923040123457,2293.825727355757,2260.6263282627865,2292.4323940224235,2259.3763282627865,2294.9323940224235,2258.1263282627865,2293.6823940224235,2260.6263282627865,2292.4323940224235
MABTree UCB1,2024-11-30,2294.839027777778,2329.0750483434113,2296.0423159171073,2328.181715010078,2294.7923159171073,2330.681715010078,2293.5423159171073,2329.431715010078,2296.0423159171073,2328.181715010078
MABTree Random,2024-10-02,50.47952380952381,43.28829365079365,42.94976190476191,39.99969246031746,43.882261904761904,43.818333333333335,49.82678004535148,44.69248299319728,53.603701184177375,49.279375
MABTree Random,2024-10-03,88.31702380952382,82.84818452380952,70.7272619047619,75.60191468253969,83.95531746031746,79.03916666666666,83.49920068027211,79.63948916603678,87.03174540186444,87.74263888888889
MABTree Random,2024-10-04,116.2359126984127,120.89235119047619,108.25036706349206,97.9674007936508,117.62166666666667,111.69222222222221,117.43162131519274,114.63159234063995,118.56301524313429,125.5144742063492
MABTree Random,2024-10-05,141.73119047619048,153.07884149029982,140.6562003968254,128.79560941043084,149.35632716049383,152.20883156966488,155.83975623582768,138.7467510707987,147.84222159234065,153.7697123015873
MABTree Random,2024-10-06,169.33424603174603,185.70642085537918,166.5732242063492,153.3950141723356,184.2543827160494,183.72010141093472,181.6958772675737,172.22813429075336,172.75285651297557,178.78276785714286
MABTree Random,2024-10-07,215.81146825396826,217.66693672839506,205.11877976190476,200.19223639455782,226.76132716049386,226.18268077601408,224.60004393424038,219.10452317964226,217.04774738599144,219.45725198412697
MABTree Random,2024-10-08,249.19757369614513,260.15110339506174,242.96877976190476,248.21668083900227,268.5768827160494,263.0998633156966,266.0494883786848,256.03563429075336,254.86635849710257,273.21252976190476
MABTree Random,2024-10-09,286.62590702947847,298.0507065696649,278.1744033446712,286.99779195011337,310.89409360040315,308.6056272045855,303.8958078231293,291.1767454018645,294.30524738599144,311.93098214285715
MABTree Random,2024-10-10,331.4100736961451,349.48496252204586,321.38900651927435,328.7255697278911,351.57631582262536,352.6124327601411,340.38184948979597,341.76167595742004,338.31962238599147,352.2612599206349
MABTree Random,2024-10-11,365.02700050390524,388.1433575837743,362.4990682476694,372.6367425673973,386.4141950113379,391.4440299823633,381.72188917233564,381.54612040186447,378.5106640526581,402.13407171201817
MABTree Random,2024-10-12,392.8699766943814,418.3766909171076,394.31752614008565,413.06340923406395,425.86172335600907,432.07585097001765,405.96955782312926,408.87444239732935,422.61510849710254,432.37522250566894
MABTree Random,2024-10-13,424.3105209120685,463.0689131393298,428.08391502897456,450.5949171705719,457.1938265306122,470.36251763668434,444.03782942806754,449.7215676177879,464.197052941547,474.1293891723356
MABTree Random,2024-10-14,456.6221478961955,492.8674548059965,464.9241871378181,490.75344891660365,497.1739058956916,507.36917296548256,482.94720442806755,480.3379565066768,493.92741008440413,509.5505002834467
MABTree Random,2024-10-15,506.99214222726124,535.6548357583774,499.75946491559586,536.9839150289745,539.9284297052154,552.3662761400857,525.2358155391787,527.2454565066768,538.5828421831695,561.5445975056689
MABTree Random,2024-10-16,542.8940866717057,566.9040024250442,533.2643401990425,574.6396689972285,582.9757709750567,586.1723475686571,553.5969266502898,560.39755968128,572.4821675799949,601.9354308390023
MABTree Random,2024-10-17,587.258808893928,613.7815024250442,579.9512846434869,620.6841134416729,625.7061876417233,628.0754031242126,590.0727543146888,600.1299902368355,615.610778691106,640.7725340136054
MABTree Random,2024-10-18,611.6910311161502,651.5274151234569,614.2146973418996,653.9717677626606,660.0025765306123,665.3309586797682,623.7497781242126,636.9786013479467,659.1508580561854,678.4322562358276
MABTree Random,2024-10-19,637.5657136558327,675.7056690917109,644.7681894053917,675.5574820483749,688.8979280045352,699.4559586797682,657.1097781242127,668.1193949987403,682.2125247228521,705.6901133786847
MABTree Random,2024-10-20,668.7766263542454,696.3915024250442,672.7545782942806,710.2016487150416,720.7202119551524,733.2945697908793,687.8197781242127,697.811061665407,710.1176040879315,736.2192800453514
MABTree Random,2024-10-21,702.4587692113882,726.289280202822,708.6488640085663,747.2601010959941,757.048505605946,761.1174269337365,732.6670003464349,733.1316965860419,742.2883183736458,776.5875736961451
MABTree Random,2024-10-22,733.1921025447216,757.986780202822,735.6810961514235,779.7445455404385,783.9348944948349,796.7318713781809,762.9248178067523,770.727807697153,773.1651536911061,811.1042403628118
MABTree Random,2024-10-23,766.0444041320231,798.974161155203,776.0772072625346,818.7507360166289,821.497628180902,832.7999269337365,804.7943768896448,812.5685131645251,800.9148759133283,843.7578911564625
MABTree Random,2024-10-24,796.7927374653565,827.8372167107585,810.1660961514234,851.247611016629,856.0067948475687,867.354371378181,836.6891387944067,856.2419258629378,838.2416836734694,886.677335600907
MABTree Random,2024-10-25,838.8538485764676,864.480272266314,835.9022072625345,885.635111016629,896.5580646888385,908.5196491559587,873.5016387944067,893.3394258629378,866.5764058956917,920.1136010330058
MABTree Random,2024-10-26,866.3455152431343,894.619161155203,861.8522866276138,919.5845554610735,922.6543231922399,941.0021434870245,903.8024721277401,924.44414808516,898.6452551020409,948.9668153187201
MABTree Random,2024-10-27,903.564398463089,930.368536155203,899.7202727387249,955.4472637944068,955.3598787477954,982.3281851536912,933.5358054610734,959.4494258629378,934.3152551020409,980.615704207609
MABTree Random,2024-10-28,947.0855492567398,967.1502028218696,934.9214235323757,998.6286526832957,986.5864646321492,1034.084851820358,968.7609245086925,996.81414808516,972.287477324263,1011.9687597631646
MABTree Random,2024-10-29,985.2382829428068,1003.3703615520283,970.0050289745526,1041.5648431594861,1024.6710479654826,1076.2929867409928,1003.6537022864702,1029.2197036407156,1013.9097789115646,1052.7739184933234
MABTree Random,2024-10-30,1022.5250289745528,1034.2892504409172,1009.9589178634415,1076.0586626039305,1060.4961273305619,1109.338701026707,1042.3321943499623,1059.18914808516,1048.7075566893423,1085.249474048879
MABTree Random,2024-10-31,1052.129751196775,1070.0680996472663,1047.6066843033507,1117.1753909989923,1100.9639731355505,1147.1289788044849,1077.2455276832957,1090.0575607835726,1089.8700566893422,1120.4641962711012
MABTree Random,2024-11-01,1087.1140369110608,1094.8844190917107,1077.3800062988155,1144.2178796611238,1127.0457191672965,1181.0639731355507,1110.7813213340894,1117.8750607835727,1122.8151360544216,1155.0839184933234
MABTree Random,2024-11-02,1119.6365369110608,1124.0629607583774,1093.428339632149,1179.5641991055682,1151.426626196775,1208.7936953577728,1134.6023883534897,1147.9581163391283,1150.1275125976315,1181.9582934933235
MABTree Random,2024-11-03,1146.4951480221719,1144.5585163139328,1126.223696775006,1210.7420562484253,1185.557613851096,1240.530917579995,1169.0726661312674,1178.7220052280172,1183.3841792642982,1218.3728173028474
MABTree Random,2024-11-04,1181.9479257999496,1174.5140718694884,1154.338696775006,1235.7692784706476,1217.3073360733183,1270.758695357773,1204.2640550201563,1210.0425494457043,1214.7252506928696,1248.1801585726887
MABTree Random,2024-11-05,1216.3934119110609,1210.473119488536,1187.364688838498,1266.470111803981,1248.7203519463342,1301.2392509133285,1233.5178204522551,1248.112827223482,1245.1030284706474,1280.8121823822125
MABTree Random,2024-11-06,1254.8655646888387,1242.9186750440915,1223.2956015369107,1308.4712284265559,1281.8364630574454,1338.5794052343163,1272.4864315633663,1288.918462144117,1281.2735796170318,1314.6037796044347
MABTree Random,2024-11-07,1297.1555646888387,1290.195114323507,1262.8467126480218,1354.853569696397,1314.102142069791,1375.1860024565385,1315.7347648966997,1326.815962144117,1332.3980857898714,1355.8743351599903
MABTree Random,2024-11-08,1338.227786911061,1334.6611857520784,1305.6006114575457,1409.3669823948096,1360.8110309586798,1419.456558012094,1360.2642093411441,1373.662379377677,1379.8644746787602,1397.9300494457045
MABTree Random,2024-11-09,1371.7161202443942,1363.965114323507,1344.634425233056,1449.2354744583017,1393.9276976253464,1459.0271815948606,1390.6955925610987,1412.7543238221215,1421.9141969009825,1441.7131050012601
MABTree Random,2024-11-10,1405.8650091332831,1388.3006698790625,1377.6436315822623,1484.9715161249683,1426.2796420697907,1495.7791940665159,1431.0061367787857,1457.4432920760896,1463.8376095993951,1472.0292161123712
MABTree Random,2024-11-11,1439.5717551650291,1432.5693206727133,1420.8008934870243,1526.2509605694127,1462.728253180902,1536.4180716175363,1472.6186764613253,1505.1892047745023,1513.026498488284,1517.2083386873271
MABTree Random,2024-11-12,1485.1536996094735,1489.4168206727134,1463.6017620937262,1567.694293902746,1511.0969720017636,1585.4901703829685,1526.526454239103,1556.9139950239353,1560.5670540438396,1576.1284180524065
MABTree Random,2024-11-13,1532.3174000062988,1532.5143206727134,1501.425650982615,1607.0053653313175,1561.2525275573191,1625.4043370496352,1570.1797534013606,1610.4985937893673,1609.9531651549507,1623.8546482111367
MABTree Random,2024-11-14,1586.5959273431595,1584.6854317838245,1542.2756453136808,1665.664809775762,1604.512166005291,1673.3092676051906,1623.598914399093,1661.007998551272,1654.2677286470143,1676.2912454333589
MABTree Random,2024-11-15,1632.532423941799,1621.087614323507,1581.8684848198536,1704.398420886873,1638.409666005291,1715.6478787163016,1660.076414399093,1702.7740699798435,1699.983875031494,1708.6220787666923
MABTree Random,2024-11-16,1668.5641920194003,1655.3828127362056,1630.637929264298,1732.0196510456033,1675.1454993386244,1755.431212049635,1699.021414399093,1737.1154588687323,1743.8153432854624,1737.0207516061985
MABTree Random,2024-11-17,1714.2199559082892,1699.0353127362055,1670.0852705341392,1772.4171510456033,1716.3183961640211,1798.9966868228776,1743.6285969387754,1782.4100620433355,1784.8709782060973,1776.6453547808017
MABTree Random,2024-11-18,1757.2916786344167,1741.7620077475433,1714.5177308515995,1807.2243732678255,1762.6617294973544,1850.0275705467375,1783.5147080498866,1832.0415126606194,1845.7359440350215,1818.7319023998493
MABTree Random,2024-11-19,1809.911753590325,1786.0283966364323,1760.6988362937764,1862.210916477702,1810.4568031934996,1897.9036759889143,1828.1164937641724,1878.6898459939528,1899.0873329239103,1864.7118627173097
MABTree Random,2024-11-20,1866.8439758125471,1829.0964521919877,1814.6124474048875,1913.5801625094482,1859.4279143046108,1949.5856204333588,1871.1137159863947,1927.543457105064,1948.2805472096245,1914.988569066516
MABTree Random,2024-11-21,1920.6489758125472,1881.8817299697655,1870.679114071554,1959.565440287226,1911.6495809712774,2012.4004220206605,1924.5156207482994,1974.9756396447465,2002.4910630826403,1965.2818910619808
MABTree Random,2024-11-22,1980.5028250188964,1926.8017696523052,1923.3329335159985,2008.4915513983372,1963.3998146573445,2063.8864140841524,1981.0447477324265,2020.6053618669687,2064.0723768581506,2012.2737164588061
MABTree Random,2024-11-23,2031.8671603363566,1979.6105890967497,1968.9772985953637,2048.4832180650037,2019.7808067208366,2102.1311065444697,2029.083557256236,2055.151314247921,2117.1339981733436,2050.8767720143614
MABTree Random,2024-11-24,2078.8554823318213,2029.9250335411941,2010.3423382779033,2097.510706727135,2060.041719419249,2147.8091621000253,2083.19058106576,2103.6896299445702,2163.5227680146136,2102.1401053476948
MABTree Random,2024-11-25,2118.8244505857897,2070.9542002078606,2050.8038065318715,2136.788087679516,2104.8785448160747,2196.7021482111363,2121.0752338435377,2135.544391849332,2204.105823570169,2142.2878831254725
MABTree Random,2024-11-26,2169.085879157218,2118.7755890967496,2090.0688065318714,2180.2044652305367,2155.9195324703956,2253.775203766692,2168.607178287982,2189.144114071554,2253.3888791257245,2180.875105347695
MABTree Random,2024-11-27,2215.9924763794406,2171.025271636432,2135.4194414525064,2229.5086318972035,2202.053590010078,2296.4312340954903,2208.616344954649,2249.8774474048873,2292.78701829806,2222.4317720143617
MABTree Random,2024-11-28,2271.541087490552,2227.7823748110354,2186.1670208175856,2273.5297430083147,2248.5475582640465,2349.5151393613005,2250.412733843538,2294.5308147518263,2339.6337410241877,2273.2213707797937
MABTree Random,2024-11-29,2324.40386526833,2271.506660525321,2236.0942430398077,2315.623786218191,2293.7841852481733,2405.143710789872,2299.8222400163772,2343.9777591962707,2389.4747286785087,2329.090339033762
MABTree Random,2024-11-30,2358.708661186697,2314.814160525321,2284.9141139140834,2367.7832079868986,2333.322040973797,2451.921686980348,2345.1655840576973,2390.65033856135,2427.699173122953,2366.136366370623
